{"init_params": {"cat_dims": [], "cat_emb_dim": [], "cat_idxs": [], "clip_value": 1, "device_name": "auto", "epsilon": 1e-15, "gamma": 1.2, "grouped_features": [], "input_dim": 19, "lambda_sparse": 5e-05, "mask_type": "sparsemax", "momentum": 0.02, "n_a": 8, "n_d": 8, "n_indep_decoder": 1, "n_independent": 4, "n_shared": 4, "n_shared_decoder": 1, "n_steps": 7, "optimizer_params": {"lr": 0.015}, "output_dim": 7, "scheduler_fn": null, "scheduler_params": {"step_size": 15, "gamma": 0.85}, "seed": 42, "verbose": 0}, "class_attrs": {"preds_mapper": {"0": 0, "1": 1, "2": 2, "3": 3, "4": 4, "5": 5, "6": 6}}}